term, class
About,2
Active hours,2
Active hour,2
Advice,0
Aerosol,3
Aerosol,3
Allergy,3
Allergies,3
Animals,1
Animal,1
Avoid,1
Bed covers,1
Bed cover,1
Bite,2
Bites,2
Bite pictures,2
Bite treatment,3
Bites pictures,2
Bites treatment,3
Blood,2
Cause,2
Causes,2
Cities,1
City,1
Clothes,0
Contagious,3
Control,3
Crawling,2
Cure,3
Detections,2
Detection,2
Diagnosis,2
Disappear,3
Disappears,3
Dogs,1
Dog,1
Ecologies,0
Ecology,0
Eggs,2
Egg,2
Epidemics,1
Epidemic,1
Eradications,3
Exterminators,3
Eradication,3
Exterminator,3
Facts,2
Fact,2
Fact sheet,2
Fact sheets,2
Feces,2
Find,2
Fly,2
Fumigations,3
Fumigation,3
Get rid of,3
Heat,1
Hotel,1
Hotels,1
Identification,2
Illness,2
Illnesses,2
Image,2
Images,2
Increase,2
Increases,2
Infestation,3
Infestations,3
Insecticide,3
Insecticides,3
Itches,2
Itch,2
Jump,2
Jumps,2
Kills,3
Kill,3
Killer,3
Killers,3
Landlord responsabilities,1
Landlord responsibility,1
Larvae,2
Life cycle,2
Life cycles,2
Looks like,2
Look like,2
Luggage,1
Luggages,1
Maps,2
Map,2
Marks,2
Mark,2
Mattresses,1
Mattress,1
Mattress cover,1
Mattress covers,1
Natural remedy,3
Natural remedies,3
News,2
Odor,2
Odors,2
Origin,2
Origins,2
Outbreak,3
Outbreaks,3
Pest control,3
Pesticide,3
Pesticides,3
Photo,2
Photos,2
Prevention,1
Preventions,1
Problem,3
Problems,3
Protection,0
Questions,2
Questions,2
Rash,3
Rashes,3
Registry,1
Registries,1
Remedy,3
Remedies,3
Removal,3
Repellents,3
Reports,1
Repellent,3
Report,1
Signs,1
Sign,1
Size,2
Sizes,2
Solution,0
Solutions,0
Spots,2
Spot,2
Spray,3
Sprays,3
Spread,3
Spreads,3
Symptom,2
Symptoms,2
Tips,1
Tip,1
Transmission,1
Transmissions,1
Travel,1
Travels,1
Treatment,3
Treatments,3
Used furniture,1
Videos,2
Video,2
Wiki,2
Wood,0
Woods,0
